{
    "$schema": "https://schema.management.azure.com/schemas/2015-01-01/deploymentParameters.json#",
    "contentVersion": "1.0.0.0",
    "parameters": {
        "extensions_setupMachine_fileUris": {
            "value": null
        },
        "extensions_setupMachine_storageAccountName": {
            "value": null
        },
        "extensions_setupMachine_storageAccountKey": {
            "value": null
        },
        "extensions_setupMachine_commandToExecute": {
            "value": null
        },
        "virtualMachines_mymoodle_frontend_name": {
            "value": null
        },
        "disks_mymoodle_frontend_OsDisk_1_a981ce1578e64985a961438b28a4b15e_externalid": {
            "value": null
        },
        "disks_mymoodle_frontend_disk2_85cf0393a18b4e50a9bfbcf634ec2737_externalid": {
            "value": null
        },
        "networkInterfaces_mymoodlenic_externalid": {
            "value": null
        }
    }
}