{
    "$schema": "https://schema.management.azure.com/schemas/2019-04-01/deploymentTemplate.json#",
    "contentVersion": "1.0.0.0",
    "parameters": {
        "extensions_setupMachine_fileUris": {
            "type": "Array"
        },
        "extensions_setupMachine_storageAccountName": {
            "type": "SecureString"
        },
        "extensions_setupMachine_storageAccountKey": {
            "type": "SecureString"
        },
        "extensions_setupMachine_commandToExecute": {
            "type": "SecureString"
        },
        "virtualMachines_mymoodle_frontend_name": {
            "defaultValue": "mymoodle-frontend",
            "type": "String"
        },
        "disks_mymoodle_frontend_OsDisk_1_a981ce1578e64985a961438b28a4b15e_externalid": {
            "defaultValue": "/subscriptions/6cdf7f42-1ca5-49c5-855d-e63d594f0db5/resourceGroups/PROJECT/providers/Microsoft.Compute/disks/mymoodle-frontend_OsDisk_1_a981ce1578e64985a961438b28a4b15e",
            "type": "String"
        },
        "disks_mymoodle_frontend_disk2_85cf0393a18b4e50a9bfbcf634ec2737_externalid": {
            "defaultValue": "/subscriptions/6cdf7f42-1ca5-49c5-855d-e63d594f0db5/resourceGroups/PROJECT/providers/Microsoft.Compute/disks/mymoodle-frontend_disk2_85cf0393a18b4e50a9bfbcf634ec2737",
            "type": "String"
        },
        "networkInterfaces_mymoodlenic_externalid": {
            "defaultValue": "/subscriptions/6cdf7f42-1ca5-49c5-855d-e63d594f0db5/resourceGroups/Project/providers/Microsoft.Network/networkInterfaces/mymoodlenic",
            "type": "String"
        }
    },
    "variables": {},
    "resources": [
        {
            "type": "Microsoft.Compute/virtualMachines",
            "apiVersion": "2021-07-01",
            "name": "[parameters('virtualMachines_mymoodle_frontend_name')]",
            "location": "eastasia",
            "tags": {
                "provider": "0FE3856A-6009-4EB1-96C3-1774DA058F86"
            },
            "plan": {
                "name": "default",
                "product": "moodle-frontend-manageddb-multitier-image",
                "publisher": "bitnami"
            },
            "properties": {
                "hardwareProfile": {
                    "vmSize": "Standard_B2s"
                },
                "storageProfile": {
                    "imageReference": {
                        "publisher": "bitnami",
                        "offer": "moodle-frontend-manageddb-multitier-image",
                        "sku": "default",
                        "version": "3.11.2111192223"
                    },
                    "osDisk": {
                        "osType": "Linux",
                        "name": "[concat(parameters('virtualMachines_mymoodle_frontend_name'), '_OsDisk_1_a981ce1578e64985a961438b28a4b15e')]",
                        "createOption": "FromImage",
                        "caching": "ReadWrite",
                        "managedDisk": {
                            "id": "[parameters('disks_mymoodle_frontend_OsDisk_1_a981ce1578e64985a961438b28a4b15e_externalid')]"
                        },
                        "deleteOption": "Detach"
                    },
                    "dataDisks": [
                        {
                            "lun": 0,
                            "name": "[concat(parameters('virtualMachines_mymoodle_frontend_name'), '_disk2_85cf0393a18b4e50a9bfbcf634ec2737')]",
                            "createOption": "Empty",
                            "caching": "None",
                            "managedDisk": {
                                "id": "[parameters('disks_mymoodle_frontend_disk2_85cf0393a18b4e50a9bfbcf634ec2737_externalid')]"
                            },
                            "deleteOption": "Detach",
                            "toBeDetached": false
                        }
                    ]
                },
                "osProfile": {
                    "computerName": "[parameters('virtualMachines_mymoodle_frontend_name')]",
                    "adminUsername": "bitnami",
                    "linuxConfiguration": {
                        "disablePasswordAuthentication": false,
                        "patchSettings": {
                            "patchMode": "ImageDefault",
                            "assessmentMode": "ImageDefault"
                        }
                    },
                    "secrets": []
                },
                "networkProfile": {
                    "networkInterfaces": [
                        {
                            "id": "[parameters('networkInterfaces_mymoodlenic_externalid')]"
                        }
                    ]
                },
                "diagnosticsProfile": {
                    "bootDiagnostics": {
                        "enabled": true,
                        "storageUri": "https://7qdvaf3d4vwu6storage.blob.core.windows.net/"
                    }
                }
            }
        },
        {
            "type": "Microsoft.Compute/virtualMachines/extensions",
            "apiVersion": "2021-07-01",
            "name": "[concat(parameters('virtualMachines_mymoodle_frontend_name'), '/setupMachine')]",
            "location": "eastasia",
            "dependsOn": [
                "[resourceId('Microsoft.Compute/virtualMachines', parameters('virtualMachines_mymoodle_frontend_name'))]"
            ],
            "tags": {
                "provider": "0FE3856A-6009-4EB1-96C3-1774DA058F86"
            },
            "properties": {
                "autoUpgradeMinorVersion": true,
                "publisher": "Microsoft.Azure.Extensions",
                "type": "CustomScript",
                "typeHandlerVersion": "2.0",
                "settings": {
                    "fileUris": "[parameters('extensions_setupMachine_fileUris')]"
                },
                "protectedSettings": {
                    "storageAccountName": "[parameters('extensions_setupMachine_storageAccountName')]",
                    "storageAccountKey": "[parameters('extensions_setupMachine_storageAccountKey')]",
                    "commandToExecute": "[parameters('extensions_setupMachine_commandToExecute')]"
                }
            }
        }
    ]
}